{
  "trade_count": 14,
  "win_rate": 0.42857142857142855,
  "average_return": 0.006823000786612602,
  "average_win": 0.20145346634344774,
  "average_loss": -0.1391498483810138,
  "profit_factor": 1.08527605710869,
  "total_return": 0.09552201101257643,
  "max_drawdown": -63182.65769536795,
  "turnover": 1399040.38274,
  "average_holding_days": 1.0,
  "strategy": "baseline"
}