{
  "trade_count": 9,
  "win_rate": 0.4444444444444444,
  "average_return": -0.029035759053122095,
  "average_win": 0.08913861518717736,
  "average_loss": -0.12357525844536166,
  "profit_factor": 0.5769728251815619,
  "total_return": -0.26132183147809884,
  "max_drawdown": -35881.17339327995,
  "turnover": 899307.3489399999,
  "average_holding_days": 1.0,
  "strategy": "volume_filtered",
  "volume_percentile": 0.5
}